{"XA6lAgZBuJB7ZO7yda6cvQ==":"burger%20(3)-1280x853.jpg","0V6kTWdo+zrA6/PuEeqlNg==":"burger%20(9)-1280x853.jpg","1QGicuBwS026Ik6Mb3tgXg==":"logo-hamburguer-artesanal-122x119.png","vJSTMCeMs7QhrgsW1PRDtg==":"hamburguer1-638x638.png","kYc4YMkpiVSQdcPbPOw8Hg==":"burger%20(8)-1280x752.jpg","6J01otaAtvtyh1DagZgG0w==":"mbr-1920x1280.jpg","dhN49NLgnpSTwqeerM5XyQ==":"objeto-inteligente-de-vetor1-544x544.png","n+KJnkaBByDSGNCNUTA6ug==":"payments-logo-988x52.png","H+73tucNQ3sOsB6kK5KpyA==":"hamburguercertificado-602x465.png","YYSaeieH4ZCr7Fq9g0IoMA==":"dep-5-300x68.png","V41okWYSlql54RTD+nfAQw==":"dep-1-449x73.png","YpQRZ2L5ALIJ6a/oiI8giQ==":"dep-2-450x77.png","f/BByvyAd/hOrj0dwWO6Eg==":"dep-3-449x77.png","CSc9/se1Zf2gPRNnumM+uw==":"dep-5-450x102.png","e6D/Z30CEKY60g8sLNHIIg==":"dep-4-449x62.png","oRamjRq7JXMnd4Dd2TD+CQ==":"dep-7-449x106.png","juHAT6DSXbi8RXjVb+AqbA==":"4-440x761.png","1r4YSPgl+uvhXcYKeeAu6w==":"depoimento%20(8)-850x96.png","5sdoA42ODABy8iY0Ln3iSw==":"depoimento%20(1)-865x158.png","mIIbxW0r7dEZSbMPwcoYdg==":"background2.jpg","cJNKNJAQcJ6hRnDzH/rQVw==":"risco-zero-hamburguer-artesanal-1-468x468.png","hHtAtg4/gqDhVXHjHKqH4A==":"burger%20(4)-742x494.jpg","ObWIxUM05rgmjvD43cdKuw==":"curso%20de%20hamburguer%20artesanal-600x600.png","iEjMNBnxCUSm9wIoZ6DfsQ==":"burger%20(9)-700x466.jpg","8nnNT3KNbL0OhshA3rBqBA==":"burger%20(4)-736x490.jpeg","VJf3prHemnLj7sFUaSMq5g==":"burger%20(9)-700x466.jpeg","fs6zYzfLw8r5OsJEq4yqjQ==":"burger%20(8)-744x437.jpg","xiTYgBrDwgni5jYr66lDpg==":"burger%20(10)-736x413.jpg","VtgNY0o64WNQbs5xcTjiIg==":"burger%20(6)-874x582.jpg","2JHejr6FrHE1wpZkV4YYXw==":"burger%20(29)-700x466.jpg","c4bOYIR1MK5ZJxgKnwVPFA==":"burger%20(6)-874x582.jpeg","5XOneYcrVyH37qhYJlJjxw==":"burger%20(29)-700x466.jpeg","DDNE+oSPItzISQ+ca3Rs4A==":"burger%20(3)-752x501.jpg","I1gIUIJOU6sCzeOmfkNwGQ==":"burger%20(7)-736x490.jpg","tqMURG0aECOzb5a0x9yvKg==":"risco-zero-express-500x305.png","V0F4bYD6TPkHx0DHhmqnCg==":"hamb%C3%BArguer%202%20%20feed-510x510.png","iMOollmkZTvgB5/yiW2wTg==":"hamburguer-artesanal---1-510x510.png","ANSzIw789/JWl3++If9qcg==":"hamburguer2-510x510.png","ux3eIKbeFz1qkcGmMViZSA==":"hamburguer%20artesanal-510x510.png","BAJqF+qTOvjxyLtaRZRHgw==":"hamburguer1-1-638x638.png"}